,predictions
0,0.5516018867492676
1,0.16425782442092896
2,0.12428763508796692
3,0.7495740056037903
4,0.13284946978092194
5,0.3589688539505005
6,0.13841894268989563
7,0.1247904971241951
8,0.2217608094215393
9,0.36834946274757385
10,0.35310035943984985
11,0.3262213170528412
12,0.18449093401432037
13,0.5928400754928589
14,0.17299972474575043
15,0.7203607559204102
16,0.3983336091041565
17,0.7341566681861877
18,0.4096079170703888
19,0.4108952283859253
20,0.7478253841400146
21,0.3234153985977173
22,0.3552408516407013
23,0.2942855656147003
24,0.29159751534461975
25,0.3558409810066223
26,0.4038875997066498
27,0.2235175222158432
28,0.49734270572662354
29,0.1269567459821701
30,0.3366767466068268
31,0.12372586876153946
32,0.12824001908302307
33,0.17225706577301025
34,0.2580682933330536
35,0.12481820583343506
36,0.12298820167779922
37,0.49130210280418396
38,0.2748982906341553
39,0.4475879371166229
40,0.5433589220046997
41,0.3352777063846588
42,0.5536185503005981
43,0.15127182006835938
44,0.49801650643348694
45,0.13049688935279846
46,0.421394020318985
47,0.4805944561958313
48,0.5545525550842285
49,0.19733664393424988
50,0.14377258718013763
51,0.28271228075027466
52,0.13782329857349396
53,0.1714438945055008
54,0.2765905559062958
55,0.12727771699428558
56,0.1635357290506363
57,0.48137304186820984
58,0.25862130522727966
59,0.48872676491737366
60,0.21047049760818481
61,0.3225975036621094
62,0.2191753089427948
63,0.15944796800613403
64,0.4300180971622467
65,0.1229463517665863
66,0.1237567812204361
67,0.13812214136123657
68,0.1279190182685852
69,0.1328241229057312
70,0.7684530019760132
71,0.1818588227033615
72,0.5862523317337036
73,0.5312778949737549
74,0.3586285710334778
75,0.2731695771217346
76,0.2755732536315918
77,0.266696959733963
78,0.414580374956131
79,0.12800243496894836
80,0.32452908158302307
81,0.4823862314224243
82,0.19348783791065216
83,0.2956324517726898
84,0.1238451674580574
85,0.44848212599754333
86,0.2832106053829193
87,0.4105304777622223
88,0.13086840510368347
89,0.12400359660387039
90,0.3312210738658905
91,0.2074822187423706
92,0.6022577881813049
93,0.19218572974205017
94,0.12285654991865158
95,0.13343852758407593
96,0.41137295961380005
97,0.38995951414108276
98,0.6398020386695862
99,0.12750312685966492
100,0.4409349262714386
101,0.5990593433380127
102,0.12800243496894836
103,0.12354963272809982
104,0.2563600540161133
105,0.47763141989707947
106,0.1246248185634613
107,0.1360800713300705
108,0.3337029218673706
109,0.1584392935037613
110,0.5812268853187561
111,0.1568858027458191
112,0.19267477095127106
113,0.44874751567840576
114,0.17077355086803436
115,0.3265484571456909
116,0.15448929369449615
117,0.2936316430568695
118,0.2566911280155182
119,0.12467072159051895
120,0.14000113308429718
121,0.18684574961662292
122,0.13687220215797424
123,0.44315460324287415
124,0.20792335271835327
125,0.3771551549434662
126,0.581758439540863
127,0.7308169007301331
128,0.12287336587905884
129,0.652558445930481
130,0.1898520141839981
131,0.4627208113670349
132,0.5418418645858765
133,0.7523566484451294
134,0.25389060378074646
135,0.32122474908828735
136,0.3107289671897888
137,0.15078596770763397
138,0.14957351982593536
139,0.5184586048126221
140,0.41387939453125
141,0.1389131247997284
142,0.684777021408081
143,0.6682866215705872
144,0.12568023800849915
145,0.20404116809368134
146,0.22522088885307312
147,0.39691758155822754
148,0.13989141583442688
149,0.1237209215760231
150,0.14019666612148285
151,0.19271712005138397
152,0.542877197265625
153,0.5187429189682007
154,0.4042196273803711
155,0.313863068819046
156,0.23907625675201416
157,0.7035551071166992
158,0.2461477816104889
159,0.12458492815494537
160,0.2934021055698395
161,0.5377715229988098
162,0.3887738585472107
163,0.12513573467731476
164,0.1303115338087082
165,0.6490055918693542
166,0.2861902117729187
167,0.13525797426700592
168,0.2133389711380005
169,0.14951007068157196
170,0.1273617148399353
171,0.43830952048301697
172,0.13786588609218597
173,0.12773683667182922
174,0.16734451055526733
175,0.7280046939849854
176,0.1565161794424057
177,0.18320640921592712
178,0.6838061809539795
179,0.17748688161373138
180,0.6890636086463928
181,0.12287336587905884
182,0.4130280911922455
183,0.12400359660387039
184,0.12287336587905884
185,0.12298938632011414
186,0.6218729019165039
187,0.572361409664154
188,0.732076108455658
189,0.1761963665485382
190,0.5555892586708069
191,0.13006746768951416
192,0.17748641967773438
193,0.17082485556602478
194,0.34454721212387085
195,0.3037974536418915
196,0.5220337510108948
197,0.12552960216999054
198,0.22984714806079865
199,0.12500637769699097
200,0.4623340666294098
201,0.2903078496456146
202,0.16729792952537537
203,0.38995951414108276
204,0.3122449219226837
205,0.363788902759552
206,0.31592726707458496
207,0.24437232315540314
208,0.5119662880897522
209,0.14746174216270447
210,0.12352728098630905
211,0.19371892511844635
212,0.4458755552768707
213,0.4051525890827179
214,0.7200754284858704
215,0.1271468549966812
216,0.19555673003196716
217,0.24175891280174255
218,0.22828298807144165
219,0.16250424087047577
220,0.421291708946228
221,0.49872225522994995
222,0.13199812173843384
223,0.16780859231948853
224,0.1250799298286438
225,0.14507043361663818
226,0.12347952276468277
227,0.13465607166290283
228,0.758772075176239
229,0.2893056869506836
230,0.17452631890773773
231,0.12808571755886078
232,0.4772823750972748
233,0.23471210896968842
234,0.7587658166885376
235,0.13677768409252167
236,0.5514150261878967
237,0.2858777344226837
238,0.5357706546783447
239,0.12490499019622803
240,0.14206477999687195
241,0.12757478654384613
242,0.7044128179550171
243,0.12719658017158508
244,0.1709052175283432
245,0.12696389853954315
246,0.27770355343818665
247,0.5346235036849976
248,0.12701056897640228
249,0.3031570315361023
250,0.4319988787174225
251,0.39351460337638855
252,0.1412268579006195
253,0.12790316343307495
254,0.3534514605998993
255,0.48785296082496643
256,0.1914263814687729
257,0.17901960015296936
258,0.12354417890310287
259,0.12500637769699097
260,0.22329093515872955
261,0.3831287920475006
262,0.22104650735855103
263,0.5432140827178955
264,0.2460668534040451
265,0.1813565492630005
266,0.20249523222446442
267,0.2625897526741028
268,0.21963676810264587
269,0.19706310331821442
270,0.12400359660387039
271,0.3478361666202545
272,0.4190254509449005
273,0.1776473969221115
274,0.12287336587905884
275,0.2024611383676529
276,0.3089524209499359
277,0.2679942548274994
278,0.21854804456233978
279,0.12407062947750092
280,0.2282230406999588
281,0.1299382597208023
282,0.21117739379405975
283,0.1322074979543686
284,0.20341633260250092
285,0.7823877334594727
286,0.7796809077262878
287,0.49303731322288513
288,0.5436886548995972
289,0.14195877313613892
290,0.27284902334213257
291,0.12300502508878708
292,0.14975371956825256
293,0.15345759689807892
294,0.15745370090007782
295,0.48713743686676025
296,0.19882386922836304
297,0.3543393611907959
298,0.5337300300598145
299,0.40031367540359497
300,0.2659008204936981
301,0.31806614995002747
302,0.21416763961315155
303,0.399247407913208
304,0.14203377068042755
305,0.12579917907714844
306,0.1237209215760231
307,0.2387121319770813
308,0.24866516888141632
309,0.7570546865463257
310,0.4902232587337494
311,0.12364932894706726
312,0.13172033429145813
313,0.17832553386688232
314,0.12356774508953094
315,0.6318805813789368
316,0.12287336587905884
317,0.12949007749557495
318,0.4563960134983063
319,0.12657377123832703
320,0.6482815742492676
321,0.1523260623216629
322,0.4899563193321228
323,0.19330447912216187
324,0.683350682258606
325,0.13418033719062805
326,0.3477611839771271
327,0.1452508568763733
328,0.19924569129943848
329,0.15856775641441345
330,0.35794195532798767
331,0.2778792679309845
332,0.5127641558647156
333,0.6620902419090271
334,0.1409250795841217
335,0.1238451674580574
336,0.425171822309494
337,0.272335022687912
338,0.4086391031742096
339,0.12492170184850693
340,0.2040896713733673
341,0.28637465834617615
342,0.12800243496894836
343,0.408962219953537
344,0.35237085819244385
345,0.2227191925048828
346,0.5521098375320435
347,0.21525880694389343
348,0.22035463154315948
349,0.12640389800071716
350,0.5274122357368469
351,0.5009405016899109
352,0.3289546072483063
353,0.5325923562049866
354,0.12533412873744965
355,0.25128674507141113
356,0.37493839859962463
357,0.1283808946609497
358,0.5049018859863281
359,0.6733604073524475
360,0.2018457055091858
361,0.27853989601135254
362,0.2364709973335266
363,0.3069433867931366
364,0.15026092529296875
365,0.7753471732139587
366,0.24411870539188385
367,0.5171516537666321
368,0.35858726501464844
369,0.7763505578041077
370,0.17779672145843506
371,0.4371122121810913
372,0.7433546185493469
373,0.5228375792503357
374,0.43437570333480835
375,0.19963307678699493
376,0.2306848168373108
377,0.15905044972896576
378,0.6880670785903931
379,0.729460597038269
380,0.5853900909423828
381,0.13092024624347687
382,0.12298938632011414
383,0.5183669924736023
384,0.1250619888305664
385,0.4787772297859192
386,0.7426134943962097
387,0.13965146243572235
388,0.640716016292572
389,0.18959598243236542
390,0.19061881303787231
391,0.12490718811750412
392,0.22247329354286194
393,0.7608416676521301
394,0.2707970142364502
395,0.40477144718170166
396,0.659217894077301
397,0.3170869052410126
398,0.38995951414108276
399,0.5487074851989746
400,0.46430474519729614
401,0.5272697806358337
402,0.4662850499153137
403,0.15655137598514557
404,0.15396365523338318
405,0.36193105578422546
406,0.12298820167779922
407,0.35858726501464844
408,0.627200722694397
409,0.718045711517334
410,0.1397707760334015
411,0.3525659441947937
412,0.48942479491233826
413,0.3719792366027832
414,0.33426231145858765
415,0.2363296002149582
416,0.39728525280952454
417,0.7806865572929382
418,0.7528249025344849
419,0.3011884093284607
420,0.26970043778419495
421,0.3919420540332794
422,0.13543058931827545
423,0.14874891936779022
424,0.4008750915527344
425,0.652899444103241
426,0.3360196352005005
427,0.21569880843162537
428,0.5450910925865173
429,0.43745192885398865
430,0.19728624820709229
431,0.6257742643356323
432,0.13999438285827637
433,0.20717817544937134
434,0.16116416454315186
435,0.7747134566307068
436,0.23042233288288116
437,0.315077006816864
438,0.6272592544555664
439,0.1979038566350937
440,0.12645059823989868
441,0.22498509287834167
442,0.39427074790000916
443,0.1313689649105072
444,0.2260397970676422
445,0.5388966798782349
446,0.2431320995092392
447,0.31020426750183105
448,0.21377253532409668
449,0.25580424070358276
450,0.38293731212615967
451,0.2577987313270569
452,0.1898832768201828
453,0.774817943572998
454,0.4277609586715698
455,0.21969373524188995
456,0.7485604286193848
457,0.12507764995098114
458,0.7525426149368286
459,0.5807552933692932
460,0.26716506481170654
461,0.5459950566291809
462,0.14209610223770142
463,0.18312311172485352
464,0.16572853922843933
465,0.6490404009819031
466,0.3113783895969391
467,0.7833035588264465
468,0.3747197389602661
469,0.28466981649398804
470,0.6436000466346741
471,0.127358540892601
472,0.19139812886714935
473,0.12354417890310287
474,0.2914717197418213
475,0.13846591114997864
476,0.44068026542663574
477,0.7108729481697083
478,0.1369692087173462
479,0.4521230459213257
480,0.503772497177124
481,0.3277122378349304
482,0.4907030463218689
483,0.31039807200431824
484,0.7118975520133972
485,0.17599739134311676
486,0.18376345932483673
487,0.12298938632011414
488,0.2566831409931183
489,0.20232753455638885
490,0.371696412563324
491,0.1531531810760498
492,0.2290060818195343
493,0.34913361072540283
494,0.40321680903434753
495,0.18765324354171753
496,0.7636577486991882
497,0.38965123891830444
498,0.20701444149017334
499,0.12919872999191284
500,0.1459752470254898
501,0.21147620677947998
502,0.2695179283618927
503,0.12298938632011414
504,0.3499114513397217
505,0.25541484355926514
506,0.5534349083900452
507,0.5072749853134155
508,0.3346349596977234
509,0.23288901150226593
510,0.16247500479221344
511,0.13184985518455505
512,0.5468953847885132
513,0.7610330581665039
514,0.12300502508878708
515,0.14884550869464874
516,0.12496219575405121
517,0.2409941703081131
518,0.5525490045547485
519,0.4232500195503235
520,0.4241744577884674
521,0.12896069884300232
522,0.17496974766254425
523,0.12287336587905884
524,0.12300502508878708
525,0.33729347586631775
526,0.1936739981174469
527,0.14799344539642334
528,0.12287336587905884
529,0.29250413179397583
530,0.45653659105300903
531,0.16168296337127686
532,0.45014864206314087
533,0.399415522813797
534,0.24693089723587036
535,0.7259271144866943
536,0.6511986255645752
537,0.21876201033592224
538,0.13489863276481628
539,0.48958006501197815
540,0.5104485750198364
541,0.12551042437553406
542,0.12695008516311646
543,0.33509817719459534
544,0.2094637155532837
545,0.6420396566390991
546,0.23856370151042938
547,0.22829121351242065
548,0.13772431015968323
549,0.45621442794799805
550,0.30630815029144287
551,0.25086504220962524
552,0.12712858617305756
553,0.4373917281627655
554,0.2678348124027252
555,0.5093890428543091
556,0.24173787236213684
557,0.12306244671344757
558,0.545524537563324
559,0.26978111267089844
560,0.39246323704719543
561,0.14830361306667328
562,0.12547551095485687
563,0.12300502508878708
564,0.5634289979934692
565,0.2262326180934906
566,0.1237567812204361
567,0.13314242660999298
568,0.2271663397550583
569,0.32934367656707764
570,0.14677143096923828
571,0.19296346604824066
572,0.28075894713401794
573,0.12633758783340454
574,0.22161832451820374
575,0.6105589866638184
576,0.14946238696575165
577,0.2905502915382385
578,0.27095264196395874
579,0.2521156966686249
580,0.1971367746591568
581,0.6704083681106567
582,0.1288490742444992
583,0.3107658922672272
584,0.14482176303863525
585,0.38137462735176086
586,0.12445533275604248
587,0.27650371193885803
588,0.5942224264144897
589,0.47726672887802124
590,0.35426706075668335
591,0.12285654991865158
592,0.6758338809013367
593,0.27478742599487305
594,0.38837796449661255
595,0.12298938632011414
596,0.12924671173095703
597,0.32456696033477783
598,0.41120752692222595
599,0.349015474319458
600,0.467337965965271
601,0.21657638251781464
602,0.12646885216236115
603,0.5403627157211304
604,0.52939772605896
605,0.3991280794143677
606,0.12300502508878708
607,0.22487404942512512
608,0.36303940415382385
609,0.28245171904563904
610,0.44040292501449585
611,0.2777992784976959
612,0.1257765144109726
613,0.16787587106227875
614,0.32498663663864136
615,0.27939674258232117
616,0.5328671336174011
617,0.4871487617492676
618,0.5083537697792053
619,0.23911768198013306
620,0.5756597518920898
621,0.2129652202129364
622,0.46100980043411255
623,0.27249839901924133
624,0.18576307594776154
625,0.1861160844564438
626,0.5086904764175415
627,0.3853552043437958
628,0.15617753565311432
629,0.42949071526527405
630,0.1444384753704071
631,0.22951152920722961
632,0.5804917812347412
633,0.3687279224395752
634,0.19570936262607574
635,0.12562407553195953
636,0.7580835819244385
637,0.3773135244846344
638,0.5544660687446594
639,0.6412910223007202
640,0.13686589896678925
641,0.36780181527137756
642,0.35833677649497986
643,0.12287336587905884
644,0.12344373017549515
645,0.36186081171035767
646,0.2925637662410736
647,0.36745184659957886
648,0.5523832440376282
649,0.1967839151620865
650,0.3457733392715454
651,0.3875134587287903
652,0.13320580124855042
653,0.24644485116004944
654,0.3303539454936981
655,0.5593353509902954
656,0.22832779586315155
657,0.12300502508878708
658,0.26154857873916626
659,0.6559854745864868
660,0.13197550177574158
661,0.1808898001909256
662,0.1325039267539978
663,0.26126763224601746
664,0.6529107689857483
665,0.4542851150035858
666,0.1808839589357376
667,0.6773940324783325
668,0.25168752670288086
669,0.32302847504615784
670,0.12633877992630005
671,0.18778325617313385
672,0.21225009858608246
673,0.1323363035917282
674,0.7747342586517334
675,0.23613063991069794
676,0.12343516200780869
677,0.3166230022907257
678,0.615842878818512
679,0.3259536921977997
680,0.7973039150238037
681,0.3677487373352051
682,0.29214438796043396
683,0.46233657002449036
684,0.1307440847158432
685,0.1297220140695572
686,0.19881600141525269
687,0.44459453225135803
688,0.49442172050476074
689,0.13005885481834412
690,0.18897156417369843
691,0.21275945007801056
692,0.3252090811729431
693,0.3748423755168915
694,0.2766098380088806
695,0.32466697692871094
696,0.2056911438703537
697,0.2921008765697479
698,0.12789207696914673
699,0.3676271140575409
700,0.1317249834537506
701,0.5849111080169678
702,0.19254907965660095
703,0.42417386174201965
704,0.20707754790782928
705,0.14250119030475616
706,0.3860495686531067
707,0.4630228877067566
708,0.42117926478385925
709,0.25198182463645935
710,0.7684371471405029
711,0.35020342469215393
712,0.12445533275604248
713,0.2353469282388687
714,0.13296286761760712
715,0.12447451055049896
716,0.12764324247837067
717,0.14331631362438202
718,0.3440815210342407
719,0.25627079606056213
720,0.7805464863777161
721,0.5192622542381287
722,0.6306913495063782
723,0.22889180481433868
724,0.1804933398962021
725,0.15591831505298615
726,0.7546401023864746
727,0.7080274820327759
728,0.4750978946685791
729,0.12300502508878708
730,0.47182050347328186
731,0.5140438079833984
732,0.6367717385292053
733,0.1730046421289444
734,0.35238730907440186
735,0.3961327373981476
736,0.17744044959545135
737,0.1973041594028473
738,0.12285654991865158
739,0.4522550106048584
740,0.21750065684318542
741,0.12285654991865158
742,0.37482312321662903
743,0.47042742371559143
744,0.7475489377975464
745,0.2338707000017166
746,0.6035877466201782
747,0.16799743473529816
748,0.13049688935279846
749,0.6774617433547974
750,0.2694871425628662
751,0.3843296468257904
752,0.46492117643356323
753,0.22159931063652039
754,0.37025967240333557
755,0.6224048137664795
756,0.3144235610961914
757,0.5987414121627808
758,0.17792993783950806
759,0.45265841484069824
760,0.1282859444618225
761,0.18289197981357574
762,0.1365005373954773
763,0.48172909021377563
764,0.23553824424743652
765,0.13414417207241058
766,0.4153707027435303
767,0.12551961839199066
768,0.12300502508878708
769,0.1295183151960373
770,0.12644092738628387
771,0.4015022814273834
772,0.6707600355148315
773,0.4243834614753723
774,0.1237567812204361
775,0.6320724487304688
776,0.4321006238460541
777,0.37452635169029236
778,0.2730511724948883
779,0.12285654991865158
780,0.5090909600257874
781,0.2701135277748108
782,0.1472230702638626
783,0.1788252741098404
784,0.254581481218338
785,0.37324559688568115
786,0.22338616847991943
787,0.37198591232299805
788,0.5157938003540039
789,0.6721611022949219
790,0.6293971538543701
791,0.38995951414108276
792,0.15880031883716583
793,0.4140673279762268
794,0.5981965065002441
795,0.17686642706394196
796,0.12549430131912231
797,0.34546223282814026
798,0.12497913837432861
799,0.2200886309146881
800,0.18905721604824066
801,0.1530035138130188
802,0.5502810478210449
803,0.12287336587905884
804,0.17171238362789154
805,0.6596223711967468
806,0.1250956803560257
807,0.13387715816497803
808,0.4612281918525696
809,0.2082900106906891
810,0.20211292803287506
811,0.3151076138019562
812,0.13014449179172516
813,0.2818688154220581
814,0.2442597895860672
815,0.6225133538246155
816,0.16564640402793884
817,0.2587742209434509
818,0.1854705661535263
819,0.6930351853370667
820,0.13094516098499298
821,0.6320724487304688
822,0.7695732712745667
823,0.48622649908065796
824,0.6519860625267029
825,0.1245744600892067
826,0.19704556465148926
827,0.1345192790031433
828,0.17118340730667114
829,0.13485395908355713
830,0.13902777433395386
831,0.2643320858478546
832,0.16130931675434113
833,0.41138386726379395
834,0.7695155143737793
835,0.2957211136817932
836,0.5619766116142273
837,0.12425850331783295
838,0.19625826179981232
839,0.19371892511844635
840,0.21822746098041534
841,0.35310035943984985
842,0.12300502508878708
843,0.7557157874107361
844,0.2767697274684906
845,0.1513553112745285
846,0.12907686829566956
847,0.47347256541252136
848,0.18321235477924347
849,0.12422244995832443
850,0.1532624512910843
851,0.36738818883895874
852,0.539883017539978
853,0.12401968240737915
854,0.23491916060447693
855,0.33384793996810913
856,0.47539207339286804
857,0.4045133888721466
858,0.6828824281692505
859,0.223150372505188
860,0.4167318046092987
861,0.22363416850566864
862,0.64398193359375
863,0.12813270092010498
864,0.24114982783794403
865,0.33910277485847473
866,0.4574180543422699
867,0.1241128072142601
868,0.14855660498142242
869,0.5825230479240417
870,0.35468924045562744
871,0.30400189757347107
872,0.7290821671485901
873,0.15087315440177917
874,0.6576501727104187
875,0.30729207396507263
876,0.3123490810394287
877,0.49699077010154724
878,0.2666745185852051
879,0.12765246629714966
880,0.15682034194469452
881,0.17074377834796906
882,0.24378104507923126
883,0.12883102893829346
884,0.6646206974983215
885,0.1508275270462036
886,0.39797520637512207
887,0.7184967994689941
888,0.13406702876091003
889,0.37479913234710693
890,0.1231255829334259
891,0.15017272531986237
892,0.1246497631072998
893,0.3357231020927429
894,0.208310067653656
895,0.12287336587905884
896,0.12589327991008759
897,0.5323695540428162
898,0.18829186260700226
899,0.47908511757850647
900,0.19241036474704742
901,0.12949807941913605
902,0.6444032192230225
903,0.18479423224925995
904,0.12633877992630005
905,0.1242114007472992
906,0.15716035664081573
907,0.3720138967037201
908,0.5649083852767944
909,0.15833646059036255
910,0.12668704986572266
911,0.20659375190734863
912,0.2701760232448578
913,0.41019561886787415
914,0.5561095476150513
915,0.16120724380016327
916,0.5095060467720032
917,0.40142518281936646
918,0.22478137910366058
919,0.39290669560432434
920,0.47112247347831726
921,0.36791589856147766
922,0.12996549904346466
923,0.2231907695531845
924,0.14330585300922394
925,0.6390030384063721
926,0.1906953901052475
927,0.26039931178092957
928,0.16126038134098053
929,0.38007852435112
930,0.20670735836029053
931,0.3205917477607727
932,0.2027347981929779
933,0.35445594787597656
934,0.126969575881958
935,0.7746512293815613
936,0.14410275220870972
937,0.2691899240016937
938,0.12287336587905884
939,0.18291617929935455
940,0.27356410026550293
941,0.1308751404285431
942,0.4433083236217499
943,0.23233437538146973
944,0.3538995385169983
945,0.23662233352661133
946,0.27538934350013733
947,0.41928768157958984
948,0.16098865866661072
949,0.13095290958881378
950,0.12287336587905884
951,0.7414065599441528
952,0.15921324491500854
953,0.12343516200780869
954,0.21092012524604797
955,0.13008710741996765
956,0.22036759555339813
957,0.4379522204399109
958,0.394818514585495
959,0.3423936367034912
960,0.13648845255374908
961,0.45044535398483276
962,0.5987566709518433
963,0.6700574159622192
964,0.17797257006168365
965,0.2907940149307251
966,0.20965297520160675
967,0.25014087557792664
968,0.17661802470684052
969,0.49826565384864807
970,0.12502609193325043
971,0.41789963841438293
972,0.6229091882705688
973,0.15743383765220642
974,0.3171820044517517
975,0.14057117700576782
976,0.17132969200611115
977,0.45828187465667725
978,0.18685263395309448
979,0.5044768452644348
980,0.4493747651576996
981,0.3294251561164856
982,0.16215483844280243
983,0.31450390815734863
984,0.12428763508796692
985,0.4792504906654358
986,0.23804378509521484
987,0.5002644658088684
988,0.23491300642490387
989,0.4798711836338043
990,0.4755072593688965
991,0.181808739900589
992,0.1583576649427414
993,0.5132407546043396
994,0.1234709694981575
995,0.4148907959461212
996,0.45383313298225403
997,0.16399607062339783
998,0.19830216467380524
999,0.27419978380203247
1000,0.24274946749210358
1001,0.29065361618995667
1002,0.12861387431621552
1003,0.2724115550518036
1004,0.4943842887878418
1005,0.4731483459472656
1006,0.5593807697296143
1007,0.4986398220062256
1008,0.16979621350765228
1009,0.1237209215760231
1010,0.44333717226982117
1011,0.2537509500980377
1012,0.6019275784492493
1013,0.6836935877799988
1014,0.5096419453620911
1015,0.14969097077846527
1016,0.1301335096359253
1017,0.7203660011291504
1018,0.129375159740448
1019,0.4552778899669647
1020,0.5217232704162598
1021,0.12472318112850189
1022,0.4993996024131775
1023,0.1749008148908615
1024,0.33426839113235474
1025,0.12631380558013916
1026,0.14625099301338196
1027,0.3109782040119171
1028,0.25309234857559204
1029,0.20770540833473206
1030,0.3591045141220093
1031,0.21029114723205566
1032,0.5310770869255066
1033,0.6438010334968567
1034,0.5845217108726501
1035,0.7125261425971985
1036,0.49450331926345825
1037,0.7509002685546875
1038,0.5222160816192627
1039,0.4038965106010437
1040,0.6733850240707397
1041,0.28256943821907043
1042,0.4971928596496582
1043,0.17992863059043884
1044,0.2591930627822876
1045,0.5408429503440857
1046,0.5042967796325684
1047,0.3258153200149536
1048,0.130778968334198
1049,0.16249586641788483
1050,0.17674735188484192
1051,0.2872680425643921
1052,0.1471947729587555
1053,0.42615845799446106
1054,0.12384019792079926
1055,0.19612236320972443
1056,0.12287336587905884
1057,0.31034034490585327
1058,0.47662946581840515
1059,0.390982449054718
1060,0.41983258724212646
1061,0.1348583847284317
1062,0.45237183570861816
1063,0.393239289522171
1064,0.1580740213394165
1065,0.37163805961608887
1066,0.17672063410282135
1067,0.2694341242313385
1068,0.347503662109375
1069,0.15335586667060852
1070,0.30433064699172974
1071,0.3110297620296478
1072,0.5813687443733215
1073,0.12354417890310287
1074,0.4906770586967468
1075,0.3586202561855316
1076,0.12484828382730484
1077,0.2716928720474243
1078,0.12287336587905884
1079,0.3899151384830475
1080,0.7930906414985657
1081,0.13564841449260712
1082,0.6277521252632141
1083,0.356699675321579
1084,0.6676731705665588
1085,0.20284618437290192
1086,0.13180315494537354
1087,0.38978758454322815
1088,0.22141994535923004
1089,0.12593649327754974
1090,0.21319925785064697
1091,0.39644771814346313
1092,0.36106017231941223
1093,0.2046944946050644
1094,0.16886833310127258
1095,0.6401702761650085
1096,0.5351174473762512
1097,0.14678670465946198
1098,0.28131046891212463
1099,0.4737527370452881
1100,0.5130214691162109
1101,0.2056940793991089
1102,0.5046983361244202
1103,0.12287336587905884
1104,0.29339542984962463
1105,0.7942877411842346
1106,0.1660904884338379
1107,0.12442151457071304
1108,0.801660418510437
1109,0.27437442541122437
1110,0.2558014392852783
1111,0.685844898223877
1112,0.22086948156356812
1113,0.2927492558956146
1114,0.20444123446941376
1115,0.24979783594608307
1116,0.3410598933696747
1117,0.34455063939094543
1118,0.6528387069702148
1119,0.15715625882148743
1120,0.2686000466346741
1121,0.12477262318134308
1122,0.14906209707260132
1123,0.45543330907821655
1124,0.12300502508878708
1125,0.12766043841838837
1126,0.4079548716545105
1127,0.1342640370130539
1128,0.18646349012851715
1129,0.12407062947750092
1130,0.2725020945072174
1131,0.1860324740409851
1132,0.13014885783195496
1133,0.32775795459747314
1134,0.7589195966720581
1135,0.12298938632011414
1136,0.13618583977222443
1137,0.5765446424484253
1138,0.14712382853031158
1139,0.12534986436367035
1140,0.4895876348018646
1141,0.1642223298549652
1142,0.13266324996948242
1143,0.609787106513977
1144,0.4831884801387787
1145,0.26312771439552307
1146,0.6011393666267395
1147,0.1623135209083557
1148,0.4529566168785095
1149,0.6398041844367981
1150,0.6095385551452637
1151,0.19709154963493347
1152,0.143177792429924
1153,0.31508636474609375
1154,0.33229395747184753
1155,0.6979284286499023
1156,0.13015836477279663
1157,0.323516845703125
1158,0.15898476541042328
1159,0.7739570736885071
1160,0.12287336587905884
1161,0.6416143178939819
1162,0.587061882019043
1163,0.12403953075408936
1164,0.15070632100105286
1165,0.18553586304187775
1166,0.12449520081281662
1167,0.16558776795864105
1168,0.3697296977043152
1169,0.23055249452590942
1170,0.14169491827487946
1171,0.17190402746200562
1172,0.6286660432815552
1173,0.3749783933162689
1174,0.4174920618534088
1175,0.12794290482997894
1176,0.20951396226882935
1177,0.1303744912147522
1178,0.2949405610561371
1179,0.29647091031074524
1180,0.5110275149345398
1181,0.19180497527122498
1182,0.16423262655735016
1183,0.12287336587905884
1184,0.12300502508878708
1185,0.5085102319717407
1186,0.3216789662837982
1187,0.30707570910453796
1188,0.15122535824775696
1189,0.3698594570159912
1190,0.21136774122714996
1191,0.2779766917228699
1192,0.24512015283107758
1193,0.5706813335418701
1194,0.18339243531227112
1195,0.22266092896461487
1196,0.33423635363578796
1197,0.2486112266778946
1198,0.13269846141338348
1199,0.7190123796463013
1200,0.2449723780155182
1201,0.4083370268344879
1202,0.34326958656311035
1203,0.4053944945335388
1204,0.1429230123758316
1205,0.1246659904718399
1206,0.17099592089653015
1207,0.382660835981369
1208,0.46371787786483765
1209,0.16321344673633575
1210,0.1337423473596573
1211,0.12287336587905884
1212,0.17264796793460846
1213,0.35740381479263306
1214,0.46160590648651123
1215,0.5210056900978088
1216,0.46631523966789246
1217,0.2371874898672104
1218,0.12977074086666107
1219,0.14119836688041687
1220,0.5099965333938599
1221,0.1969936639070511
1222,0.2361462265253067
1223,0.15064039826393127
1224,0.28148120641708374
1225,0.5478867888450623
1226,0.12287336587905884
1227,0.48692288994789124
1228,0.1237567812204361
1229,0.36806145310401917
1230,0.1257060170173645
1231,0.12928809225559235
1232,0.4763428866863251
1233,0.14274002611637115
1234,0.43313756585121155
1235,0.20154781639575958
1236,0.3594094514846802
1237,0.2776685059070587
1238,0.1738736778497696
1239,0.3542153537273407
1240,0.18297402560710907
1241,0.3397659659385681
1242,0.18809209764003754
1243,0.7886514067649841
1244,0.12638114392757416
1245,0.5971195697784424
1246,0.6931104063987732
1247,0.19431544840335846
1248,0.4428454637527466
1249,0.12638144195079803
1250,0.3323439061641693
1251,0.12388107180595398
1252,0.12298938632011414
1253,0.1807730793952942
1254,0.4870778024196625
1255,0.1711583137512207
1256,0.27473220229148865
1257,0.33619803190231323
1258,0.14010778069496155
1259,0.5827243328094482
1260,0.1250661313533783
1261,0.1268736720085144
1262,0.12343516200780869
1263,0.2827645540237427
1264,0.3611164391040802
1265,0.12287336587905884
1266,0.25297534465789795
1267,0.35966816544532776
1268,0.5038630962371826
1269,0.49801120162010193
1270,0.1300693303346634
1271,0.21584053337574005
1272,0.12442151457071304
1273,0.15213803946971893
1274,0.3483469784259796
1275,0.2033311277627945
1276,0.7170352935791016
1277,0.2281671166419983
1278,0.29747968912124634
1279,0.12719658017158508
1280,0.29645976424217224
1281,0.20835861563682556
1282,0.49712732434272766
1283,0.3451342284679413
1284,0.20795172452926636
1285,0.12905998528003693
1286,0.12285654991865158
1287,0.7551302909851074
1288,0.2672354280948639
1289,0.3264632225036621
1290,0.21678633987903595
1291,0.40690353512763977
1292,0.6464452743530273
1293,0.3768617510795593
1294,0.36728382110595703
1295,0.4144437313079834
1296,0.4614126682281494
1297,0.7075592875480652
1298,0.32177308201789856
1299,0.12712858617305756
1300,0.3079211115837097
1301,0.40754571557044983
1302,0.5066444277763367
1303,0.19050894677639008
1304,0.26519981026649475
1305,0.19376520812511444
1306,0.7656989693641663
1307,0.12445533275604248
1308,0.4208509922027588
1309,0.12560731172561646
1310,0.3043200671672821
1311,0.13615994155406952
1312,0.13237662613391876
1313,0.3067331314086914
1314,0.48894715309143066
1315,0.27363884449005127
1316,0.39350461959838867
1317,0.2722390592098236
1318,0.15106311440467834
1319,0.14959770441055298
1320,0.12287336587905884
1321,0.3814828395843506
1322,0.7796809077262878
1323,0.23313379287719727
1324,0.43019208312034607
1325,0.17927715182304382
1326,0.14302471280097961
1327,0.22360014915466309
1328,0.12629134953022003
1329,0.4560471475124359
1330,0.1535319983959198
1331,0.1425691843032837
1332,0.21364110708236694
1333,0.14334067702293396
1334,0.14016808569431305
1335,0.1866965889930725
1336,0.7686706185340881
1337,0.1253529191017151
1338,0.12360357493162155
1339,0.23368267714977264
1340,0.4208017885684967
1341,0.6596565842628479
1342,0.2995608150959015
1343,0.15127496421337128
1344,0.4759286046028137
1345,0.20700374245643616
1346,0.5078381896018982
1347,0.34358513355255127
1348,0.38282907009124756
1349,0.29974088072776794
1350,0.5202411413192749
1351,0.12621282041072845
1352,0.25401684641838074
1353,0.13364022970199585
1354,0.46403968334198
1355,0.13064126670360565
1356,0.3083958029747009
1357,0.4984542429447174
1358,0.134307861328125
1359,0.12344373017549515
1360,0.36100897192955017
1361,0.1854381114244461
1362,0.337332546710968
1363,0.15426336228847504
1364,0.4746674597263336
1365,0.12719658017158508
1366,0.3901379108428955
1367,0.4101025462150574
1368,0.2570723593235016
1369,0.2729908525943756
1370,0.15940383076667786
1371,0.464961975812912
1372,0.4910224676132202
1373,0.20068931579589844
1374,0.27446678280830383
1375,0.15488040447235107
1376,0.7553883194923401
1377,0.12364600598812103
1378,0.3977775275707245
1379,0.3715082108974457
1380,0.17299000918865204
1381,0.25346294045448303
1382,0.4107022285461426
1383,0.1247519850730896
1384,0.546710729598999
1385,0.7895726561546326
1386,0.7848528623580933
1387,0.1306781768798828
1388,0.23109686374664307
1389,0.12291596084833145
1390,0.29985907673835754
1391,0.49213647842407227
1392,0.28740742802619934
1393,0.6499353647232056
1394,0.12655025720596313
1395,0.1237209215760231
1396,0.23123404383659363
1397,0.33801737427711487
1398,0.7240143418312073
1399,0.12308371067047119
1400,0.7678264379501343
1401,0.1516459584236145
1402,0.15726999938488007
1403,0.12873180210590363
1404,0.3046954572200775
1405,0.12945659458637238
1406,0.148681640625
1407,0.5495509505271912
1408,0.1865733116865158
1409,0.22601212561130524
1410,0.5855779647827148
1411,0.5140776634216309
1412,0.48302870988845825
1413,0.12407062947750092
1414,0.12300502508878708
1415,0.33959293365478516
1416,0.15942421555519104
1417,0.5160773396492004
1418,0.26175346970558167
1419,0.12896330654621124
1420,0.28559064865112305
1421,0.1368090808391571
1422,0.14989544451236725
1423,0.18306894600391388
1424,0.12643064558506012
1425,0.12300502508878708
1426,0.20572388172149658
1427,0.4427793025970459
1428,0.16523407399654388
1429,0.12668704986572266
1430,0.14784154295921326
1431,0.21091192960739136
1432,0.1275130957365036
1433,0.6687546372413635
1434,0.3215599060058594
1435,0.1742311269044876
1436,0.21560607850551605
1437,0.5834125876426697
1438,0.6509886384010315
1439,0.16892433166503906
1440,0.3759029507637024
1441,0.13790857791900635
1442,0.1550416350364685
1443,0.43418917059898376
1444,0.20346829295158386
1445,0.25857678055763245
1446,0.24017705023288727
1447,0.15156909823417664
1448,0.1237209215760231
1449,0.3287709057331085
1450,0.3266148865222931
1451,0.26787450909614563
1452,0.22010263800621033
1453,0.6928739547729492
1454,0.4918658137321472
1455,0.14158941805362701
1456,0.47242048382759094
1457,0.1635833978652954
1458,0.6697683930397034
1459,0.19348125159740448
1460,0.31323549151420593
1461,0.5035291314125061
1462,0.25051435828208923
1463,0.40715381503105164
1464,0.23419156670570374
1465,0.40446197986602783
1466,0.4839705228805542
1467,0.2133788913488388
1468,0.18301187455654144
1469,0.18147818744182587
1470,0.21452072262763977
1471,0.5068169236183167
1472,0.18743310868740082
1473,0.14353099465370178
1474,0.5050630569458008
1475,0.21231453120708466
1476,0.3442545533180237
1477,0.143295556306839
1478,0.3938974142074585
1479,0.12797795236110687
1480,0.12540800869464874
1481,0.3721969723701477
1482,0.7800455093383789
1483,0.41377493739128113
1484,0.12423740327358246
1485,0.6698933243751526
1486,0.5172482132911682
1487,0.15053007006645203
1488,0.22536441683769226
1489,0.6298035383224487
1490,0.12287336587905884
1491,0.737789511680603
1492,0.4887795150279999
1493,0.1517815887928009
1494,0.13232867419719696
1495,0.6686158180236816
1496,0.6882931590080261
1497,0.18873368203639984
1498,0.33283481001853943
1499,0.5526243448257446
1500,0.5428377985954285
1501,0.12364600598812103
1502,0.3389073312282562
1503,0.49557581543922424
1504,0.5191620588302612
1505,0.152181014418602
1506,0.3137514591217041
1507,0.49932190775871277
1508,0.15508389472961426
1509,0.14377258718013763
1510,0.12428763508796692
1511,0.25699761509895325
1512,0.23824453353881836
1513,0.4688757359981537
1514,0.5912622213363647
1515,0.5505692958831787
1516,0.12696684896945953
1517,0.7152164578437805
1518,0.4530050456523895
1519,0.5314452648162842
1520,0.15047989785671234
1521,0.6565971970558167
1522,0.30637502670288086
1523,0.54880690574646
1524,0.5778886675834656
1525,0.1740950644016266
1526,0.3816136419773102
1527,0.1279560625553131
1528,0.5442150235176086
1529,0.5823818445205688
1530,0.561966598033905
1531,0.4646737277507782
1532,0.492942750453949
1533,0.7796809077262878
1534,0.413433313369751
1535,0.5820114612579346
1536,0.26833564043045044
1537,0.4900478720664978
1538,0.1237567812204361
1539,0.4762559235095978
1540,0.21462193131446838
1541,0.2298690676689148
1542,0.4108828008174896
1543,0.13528646528720856
1544,0.12593649327754974
1545,0.23000727593898773
1546,0.1276184618473053
1547,0.13052019476890564
1548,0.189113050699234
1549,0.3768463134765625
1550,0.7656650543212891
1551,0.40029194951057434
1552,0.30925267934799194
1553,0.7733869552612305
1554,0.42802855372428894
1555,0.19808802008628845
1556,0.3683038353919983
1557,0.4076862633228302
1558,0.16259783506393433
1559,0.20686174929141998
1560,0.12447647750377655
1561,0.13258127868175507
1562,0.6021759510040283
1563,0.19636957347393036
1564,0.5644522309303284
1565,0.3970656394958496
1566,0.6636008620262146
1567,0.4664568603038788
1568,0.14028750360012054
1569,0.27193403244018555
1570,0.12449520081281662
1571,0.12493859231472015
1572,0.23788343369960785
1573,0.1274450570344925
1574,0.1839713305234909
1575,0.14723806083202362
1576,0.39892348647117615
1577,0.6294840574264526
1578,0.20096629858016968
1579,0.28025245666503906
1580,0.24298477172851562
1581,0.25275918841362
1582,0.24245674908161163
1583,0.3551165759563446
1584,0.4141686260700226
1585,0.14664030075073242
1586,0.1392294019460678
1587,0.205612450838089
1588,0.4896223545074463
1589,0.2100612372159958
1590,0.26382771134376526
1591,0.4708247184753418
1592,0.2367192804813385
1593,0.19604440033435822
1594,0.28176137804985046
1595,0.20038463175296783
1596,0.4036393165588379
1597,0.175636887550354
1598,0.38136887550354004
1599,0.15869122743606567
1600,0.5016602277755737
1601,0.5011565089225769
1602,0.13662850856781006
1603,0.4662103056907654
1604,0.35745713114738464
1605,0.23355835676193237
1606,0.12749285995960236
1607,0.7638099789619446
1608,0.40237000584602356
1609,0.4358334243297577
1610,0.6737919449806213
1611,0.15933233499526978
1612,0.46755921840667725
1613,0.5837438702583313
1614,0.13242200016975403
1615,0.184043288230896
1616,0.4460143744945526
1617,0.16059160232543945
1618,0.147221639752388
1619,0.47341907024383545
1620,0.23599496483802795
1621,0.12858931720256805
1622,0.15711022913455963
1623,0.2610117495059967
1624,0.18627887964248657
1625,0.20608380436897278
1626,0.1671333611011505
1627,0.30896231532096863
1628,0.20049504935741425
1629,0.2723979353904724
1630,0.38995951414108276
1631,0.14448662102222443
1632,0.7421069741249084
1633,0.5641771554946899
1634,0.20086491107940674
1635,0.12494082748889923
1636,0.25402316451072693
1637,0.1757865846157074
1638,0.23719020187854767
1639,0.1283152997493744
1640,0.33456525206565857
1641,0.5844087600708008
1642,0.12742821872234344
1643,0.1573220193386078
1644,0.1932062953710556
1645,0.6137219667434692
1646,0.4889105558395386
1647,0.13346001505851746
1648,0.20361872017383575
1649,0.4940217137336731
1650,0.12300502508878708
1651,0.1245625764131546
1652,0.3626641035079956
1653,0.4820009171962738
1654,0.21081404387950897
1655,0.22779037058353424
1656,0.47679904103279114
1657,0.17916540801525116
1658,0.2575817406177521
1659,0.12442672997713089
1660,0.12633827328681946
1661,0.47982627153396606
1662,0.362005352973938
1663,0.19624516367912292
1664,0.19077394902706146
1665,0.30814144015312195
1666,0.17039267718791962
1667,0.12836968898773193
1668,0.530606746673584
1669,0.23195520043373108
1670,0.4894867241382599
1671,0.28084850311279297
1672,0.7843745350837708
1673,0.20729146897792816
1674,0.7032240629196167
1675,0.21256273984909058
1676,0.6722522377967834
1677,0.24644654989242554
1678,0.6181108355522156
1679,0.12352728098630905
1680,0.347352534532547
1681,0.26677313446998596
1682,0.3644818365573883
1683,0.18213163316249847
1684,0.7241048812866211
1685,0.2849453389644623
1686,0.5457945466041565
1687,0.12296319007873535
1688,0.1824270784854889
1689,0.12927736341953278
1690,0.17813706398010254
1691,0.20527656376361847
1692,0.6448488831520081
1693,0.5629743933677673
1694,0.6396484375
1695,0.377873033285141
1696,0.34060123562812805
1697,0.3934634327888489
1698,0.12285654991865158
1699,0.7167750597000122
1700,0.22918100655078888
1701,0.37915098667144775
1702,0.17709779739379883
1703,0.1725427359342575
1704,0.12757478654384613
1705,0.15763621032238007
1706,0.22784139215946198
1707,0.6449528932571411
1708,0.16765759885311127
1709,0.24302591383457184
1710,0.1294545829296112
1711,0.381039559841156
1712,0.2789619266986847
1713,0.16999715566635132
1714,0.3486578166484833
1715,0.26587116718292236
1716,0.12822872400283813
1717,0.13945752382278442
1718,0.21836860477924347
1719,0.6026784777641296
1720,0.13133129477500916
1721,0.1276184618473053
1722,0.3826121687889099
1723,0.39425212144851685
1724,0.7084859609603882
1725,0.1237209215760231
1726,0.2351474016904831
1727,0.12300502508878708
1728,0.4477666914463043
1729,0.43489301204681396
1730,0.37479838728904724
1731,0.4077916145324707
1732,0.12698210775852203
1733,0.35779833793640137
1734,0.36730948090553284
1735,0.14106646180152893
1736,0.1734912246465683
1737,0.5799723267555237
1738,0.19577115774154663
1739,0.3962543308734894
1740,0.23616033792495728
1741,0.6091901659965515
1742,0.4719133973121643
1743,0.14039205014705658
1744,0.45378413796424866
1745,0.23228390514850616
1746,0.25418245792388916
1747,0.12822872400283813
1748,0.24057894945144653
1749,0.2541668117046356
1750,0.6077561974525452
1751,0.12287336587905884
1752,0.43747738003730774
1753,0.7125324010848999
1754,0.6257200837135315
1755,0.1777314841747284
1756,0.6995664834976196
1757,0.35409021377563477
1758,0.48702940344810486
1759,0.522996187210083
1760,0.24602973461151123
1761,0.4167948067188263
1762,0.6911217570304871
1763,0.6475630402565002
1764,0.1935071498155594
1765,0.3692331612110138
1766,0.13073672354221344
1767,0.43014827370643616
1768,0.3542172908782959
1769,0.13931187987327576
1770,0.12407062947750092
1771,0.1393395960330963
1772,0.1932535171508789
1773,0.5565767288208008
1774,0.12651245296001434
1775,0.4395926594734192
1776,0.517551600933075
1777,0.7637994885444641
1778,0.7512699961662292
1779,0.18210653960704803
1780,0.556494414806366
1781,0.3488886058330536
1782,0.12285654991865158
1783,0.554449737071991
1784,0.12638114392757416
1785,0.12633758783340454
1786,0.3910597264766693
1787,0.7537813186645508
1788,0.15690389275550842
1789,0.1952456384897232
1790,0.29323330521583557
1791,0.4019302725791931
1792,0.3579348623752594
1793,0.4872337579727173
1794,0.7222545146942139
1795,0.1728450506925583
1796,0.3226364254951477
1797,0.14322379231452942
1798,0.21251359581947327
1799,0.22625790536403656
1800,0.13088752329349518
1801,0.47088873386383057
1802,0.13189658522605896
1803,0.13379384577274323
1804,0.24058091640472412
1805,0.2530125379562378
1806,0.33869147300720215
1807,0.12287336587905884
1808,0.3665793240070343
1809,0.14221055805683136
1810,0.23592336475849152
1811,0.2611398994922638
1812,0.3659571409225464
1813,0.12287336587905884
1814,0.19348135590553284
1815,0.4888681471347809
1816,0.7158917188644409
1817,0.13607124984264374
1818,0.12449224293231964
1819,0.2475575953722
1820,0.12346821278333664
1821,0.12396610528230667
1822,0.13183943927288055
1823,0.3261914849281311
1824,0.47357669472694397
1825,0.4126755893230438
1826,0.7858752012252808
1827,0.45975252985954285
1828,0.3840113580226898
1829,0.1293460875749588
1830,0.21830375492572784
1831,0.5116376876831055
1832,0.5830535292625427
1833,0.2963208556175232
1834,0.44920283555984497
1835,0.13051404058933258
1836,0.15897426009178162
1837,0.1297537386417389
1838,0.655689001083374
1839,0.2608315348625183
1840,0.3380921185016632
1841,0.35448116064071655
1842,0.14260756969451904
1843,0.21668918430805206
1844,0.23596709966659546
1845,0.5319268107414246
1846,0.20309244096279144
1847,0.6165370345115662
1848,0.42491284012794495
1849,0.22317297756671906
1850,0.1237209215760231
1851,0.2432280331850052
1852,0.37141814827919006
1853,0.6327768564224243
1854,0.37025967240333557
1855,0.1709410548210144
1856,0.4169257581233978
1857,0.12883026897907257
1858,0.17502474784851074
1859,0.3274587094783783
1860,0.13294032216072083
1861,0.7293235063552856
1862,0.7508086562156677
1863,0.21190926432609558
1864,0.12593649327754974
1865,0.17376016080379486
1866,0.7723592519760132
1867,0.5942783355712891
1868,0.6239601969718933
1869,0.20696449279785156
1870,0.3391731381416321
1871,0.265185683965683
1872,0.1583946943283081
1873,0.16171804070472717
1874,0.12298938632011414
1875,0.16998349130153656
1876,0.18097369372844696
1877,0.3257339298725128
1878,0.32758447527885437
1879,0.18622981011867523
1880,0.14743053913116455
1881,0.20050133764743805
1882,0.6727051138877869
1883,0.5447919368743896
1884,0.12481065839529037
1885,0.768732488155365
1886,0.12403953075408936
1887,0.1495833396911621
1888,0.39757272601127625
1889,0.3415640890598297
1890,0.12375594675540924
1891,0.16852399706840515
1892,0.18397466838359833
1893,0.6559603810310364
1894,0.668473482131958
1895,0.48841917514801025
1896,0.782984733581543
1897,0.12287336587905884
1898,0.4913172423839569
1899,0.7600426077842712
1900,0.22053253650665283
1901,0.1688186526298523
1902,0.36932075023651123
1903,0.34740686416625977
1904,0.37515097856521606
1905,0.43355923891067505
1906,0.2615371644496918
1907,0.1241128072142601
1908,0.24892407655715942
1909,0.5341476202011108
1910,0.1721210479736328
1911,0.1237209215760231
1912,0.24100430309772491
1913,0.1791290044784546
1914,0.16183945536613464
1915,0.5449330806732178
1916,0.127240389585495
1917,0.2010938823223114
1918,0.4557422995567322
1919,0.4675387442111969
1920,0.17970091104507446
1921,0.1272779405117035
1922,0.26647648215293884
1923,0.12638114392757416
1924,0.12633758783340454
1925,0.45633453130722046
1926,0.54959636926651
1927,0.23653879761695862
1928,0.39173564314842224
1929,0.6378622651100159
1930,0.12347044795751572
1931,0.4046168923377991
1932,0.14176715910434723
1933,0.6520476341247559
1934,0.1471361666917801
1935,0.3181267976760864
1936,0.3752249479293823
1937,0.12447451055049896
1938,0.12300502508878708
1939,0.14978571236133575
1940,0.535168468952179
1941,0.21187351644039154
1942,0.6705266833305359
1943,0.6520932912826538
1944,0.21316348016262054
1945,0.13388554751873016
1946,0.1276785135269165
1947,0.1796683520078659
1948,0.40811920166015625
1949,0.1395752876996994
1950,0.26007163524627686
1951,0.1401013880968094
1952,0.1565788835287094
1953,0.3216559886932373
1954,0.1322721689939499
1955,0.23231586813926697
1956,0.5255075097084045
1957,0.18484145402908325
1958,0.1642846167087555
1959,0.3597220480442047
1960,0.38432204723358154
1961,0.3159641623497009
1962,0.19453418254852295
1963,0.46166306734085083
1964,0.41340017318725586
1965,0.17438359558582306
1966,0.19248704612255096
1967,0.1410975307226181
1968,0.23846060037612915
1969,0.14229564368724823
1970,0.16292712092399597
1971,0.5654282569885254
1972,0.24773958325386047
1973,0.13923919200897217
1974,0.6248571276664734
1975,0.40440067648887634
1976,0.31995800137519836
1977,0.47748681902885437
1978,0.12354417890310287
1979,0.23727963864803314
1980,0.1900903582572937
1981,0.13782547414302826
1982,0.7569276094436646
1983,0.1276184618473053
1984,0.4126058518886566
1985,0.12765246629714966
1986,0.7169499397277832
1987,0.44533321261405945
1988,0.42727333307266235
1989,0.3198377788066864
1990,0.1455758810043335
1991,0.38719266653060913
1992,0.19653859734535217
1993,0.2801549434661865
1994,0.651161253452301
1995,0.1538936048746109
1996,0.1298808753490448
1997,0.22098341584205627
1998,0.283922404050827
1999,0.12444958835840225
2000,0.3751724064350128
2001,0.6117010712623596
2002,0.3861720561981201
2003,0.7796809077262878
2004,0.39033883810043335
2005,0.1372562199831009
2006,0.15861950814723969
2007,0.47176557779312134
2008,0.2064073234796524
2009,0.15501998364925385
2010,0.22599093616008759
2011,0.22789999842643738
2012,0.6003796458244324
2013,0.22097048163414001
2014,0.1404544860124588
2015,0.7091203927993774
2016,0.47557076811790466
2017,0.20769111812114716
2018,0.7513044476509094
2019,0.23256751894950867
2020,0.23224405944347382
2021,0.26915696263313293
2022,0.1422044336795807
2023,0.31477823853492737
2024,0.4527733027935028
2025,0.12407062947750092
2026,0.23612724244594574
2027,0.3642687499523163
2028,0.32497337460517883
2029,0.2981739044189453
2030,0.1883508414030075
2031,0.168493390083313
2032,0.4255833029747009
2033,0.26725783944129944
2034,0.35053762793540955
2035,0.2717054486274719
2036,0.12298938632011414
2037,0.35310035943984985
2038,0.25284484028816223
2039,0.5454995632171631
2040,0.17207814753055573
2041,0.45153045654296875
2042,0.23669074475765228
2043,0.39728906750679016
2044,0.2293713092803955
2045,0.262166827917099
2046,0.4898003041744232
2047,0.17833232879638672
2048,0.5290321707725525
2049,0.390062153339386
2050,0.12300502508878708
2051,0.4543338119983673
2052,0.22761154174804688
2053,0.23336245119571686
2054,0.2125670164823532
2055,0.12287336587905884
2056,0.5452792644500732
2057,0.49870625138282776
2058,0.2752153277397156
2059,0.12299381196498871
2060,0.3607162833213806
2061,0.22603239119052887
2062,0.26181674003601074
2063,0.14490917325019836
2064,0.2861926853656769
2065,0.5720620155334473
2066,0.12429676949977875
2067,0.590019941329956
2068,0.31655153632164
2069,0.1746721863746643
2070,0.26500293612480164
2071,0.17991745471954346
2072,0.6367326974868774
2073,0.24600984156131744
2074,0.24531984329223633
2075,0.28847798705101013
2076,0.49981844425201416
2077,0.13930785655975342
2078,0.29996979236602783
2079,0.31653228402137756
2080,0.47565990686416626
2081,0.41453662514686584
2082,0.16878630220890045
2083,0.5161138772964478
2084,0.3980099856853485
2085,0.3787173628807068
2086,0.42281582951545715
2087,0.1444482058286667
2088,0.30938419699668884
2089,0.12883026897907257
2090,0.4129893481731415
2091,0.33327484130859375
2092,0.12429676949977875
2093,0.6373746991157532
2094,0.16819441318511963
2095,0.3808862566947937
2096,0.4552112817764282
2097,0.18900829553604126
2098,0.37828147411346436
2099,0.4250789284706116
2100,0.1484900563955307
2101,0.6912785172462463
2102,0.14097991585731506
2103,0.43745356798171997
2104,0.13764573633670807
2105,0.7280740737915039
2106,0.5684999823570251
2107,0.12591174244880676
2108,0.4610433876514435
2109,0.25441890954971313
